Title,Release Date,Genre,Revenue,Budget
10 Cloverfield Lane,2016-03-08,Thriller,15000000.0,108300000.0
13 Hours: The Secret Soldiers of Benghazi,2016-01-15,Action,45000000.0,69400000.0
2 Guns,2013-08-02,Action,61000000.0,131900000.0
21 Jump Street,2012-03-16,Comedy,55000000.0,201500000.0
22 Jump Street,2014-06-04,Action,84500000.0,331300000.0
300: Rise of an Empire,2014-03-04,Action,110000000.0,337600000.0
90 Minutes in Heaven,2015-09-11,Drama,5000000.0,4800000.0
A Good Day to Die Hard,2013-02-14,Action,92000000.0,304700000.0
A Haunted House,2013-01-11,Comedy,2500000.0,60100000.0
A Haunted House 2,2014-04-18,Comedy,4000000.0,24000000.0
A Long Way Down,2014-02-10,Comedy,22700000.0,7100000.0
A Most Violent Year,2014-11-06,Action,20000000.0,12000000.0
A Most Wanted Man,2014-01-19,Thriller,15000000.0,36200000.0
A Thousand Words,2012-03-09,Comedy,40000000.0,22000000.0
A Walk Among the Tombstones,2014-09-19,Crime,28000000.0,58800000.0
A Walk in the Woods,2015-01-23,Adventure,8000000.0,36000000.0
Abraham Lincoln: Vampire Hunter,2012-06-22,Horror,99500000.0,116400000.0
After Earth,2013-05-31,Sci-Fi,130000000.0,243800000.0
Ain't Them Bodies Saints,2013-08-16,Drama,4000000.0,1000000.0
Alex Cross,2012-10-19,Crime,35000000.0,34600000.0
Aloha,2015-05-27,Romance,52000000.0,26300000.0
Alvin and the Chipmunks: The Road Chip,2015-12-18,Comedy,90000000.0,234800000.0
American Reunion,2012-04-06,Comedy,50000000.0,235000000.0
American Sniper,2014-11-11,Drama,58800000.0,547400000.0
American Ultra,2015-08-21,Action,28000000.0,27100000.0
Amy,2015-06-16,Biography,3400000.0,22000000.0
Annabelle,2014-09-26,Horror,6500000.0,256900000.0
Annie,2014-12-07,Comedy,65000000.0,133800000.0
Ant-Man,2015-06-29,Action,130000000.0,519400000.0
Argo,2012-10-12,Drama,44500000.0,232300000.0
"As Above, So Below",2014-08-29,Horror,5000000.0,5000000.0
Bad Moms,2016-07-29,Comedy,20000000.0,124200000.0
Barbershop: The Next Cut,2016-04-15,Comedy,20000000.0,55000000.0
Batman v Superman: Dawn of Justice,2016-03-19,Action,250000000.0,872700000.0
Batman: The Killing Joke,2016-07-25,Action,3500000.0,4400000.0
Battle of the Year,2013-09-20,Musical,20000000.0,16500000.0
Battleship,2012-05-18,Action,220000000.0,303000000.0
Beasts of the Southern Wild,2012-06-27,Drama,1800000.0,21900000.0
Beautiful Creatures,2013-02-14,Fantasy,60000000.0,60100000.0
Before I Go to Sleep,2014-09-04,Mystery,22000000.0,15100000.0
Ben-Hur,2016-08-19,Adventure,100000000.0,41400000.0
Beyond the Lights,2014-09-06,Romance,7000000.0,14600000.0
Big Eyes,2014-12-25,Biography,10000000.0,29300000.0
Black Mass,2015-09-04,Action,53000000.0,99800000.0
Blackhat,2015-01-08,Action,70000000.0,19700000.0
Blended,2014-05-23,Comedy,40000000.0,128000000.0
Blue Jasmine,2013-07-26,Drama,18000000.0,97500000.0
Boyhood,2014-01-19,Drama,4000000.0,44500000.0
Brick Mansions,2014-04-23,Action,23000000.0,69000000.0
Bridge of Spies,2015-10-04,Drama,40000000.0,165500000.0
Brooklyn,2015-01-26,Drama,11000000.0,62100000.0
Bullet to the Head,2013-02-01,Crime,55000000.0,21900000.0
Burnt,2015-10-06,Comedy,20000000.0,36600000.0
By the Sea,2015-11-05,Drama,10000000.0,3300000.0
Captain America: The Winter Soldier,2014-03-13,Action,170000000.0,714400000.0
Captive,2015-09-18,Crime,2000000.0,2800000.0
Carol,2015-05-17,Drama,11800000.0,40300000.0
Central Intelligence,2016-06-10,Action,50000000.0,212200000.0
Cesar Chavez,2014-02-12,Drama,10000000.0,6700000.0
Chappie,2015-03-04,Sci-Fi,49000000.0,102100000.0
Chasing Mavericks,2012-10-26,Biography,20000000.0,8300000.0
Chef,2014-03-07,Comedy,11000000.0,46000000.0
Chernobyl Diaries,2012-05-25,Horror,1000000.0,37200000.0
Child 44,2015-04-17,Drama,50000000.0,13000000.0
Chronicle,2012-02-03,Sci-Fi,12000000.0,126600000.0
Cloud Atlas,2012-10-26,Drama,128500000.0,130500000.0
Cloudy with a Chance of Meatballs 2,2013-09-27,Family,78000000.0,274300000.0
Concussion,2015-12-25,Drama,57000000.0,50300000.0
Creed,2015-11-25,Drama,40000000.0,173600000.0
Criminal,2016-04-15,Action,31500000.0,35600000.0
Crimson Peak,2015-10-16,Horror,55000000.0,74700000.0
Daddy's Home,2015-12-25,Comedy,69000000.0,240400000.0
Danny Collins,2015-03-20,Comedy,10000000.0,8200000.0
Dark Shadows,2012-05-11,Comedy,150000000.0,245500000.0
Dark Skies,2013-02-22,Horror,3500000.0,26400000.0
Dawn of the Planet of the Apes,2014-06-26,Action,235000000.0,710600000.0
Dead Man Down,2013-03-08,Action,30000000.0,18100000.0
Deadpool,2016-02-08,Action,58000000.0,782600000.0
Declaration of War,2012-01-27,Romance,1500000.0,6500000.0
Deliver Us from Evil,2014-07-02,Horror,30000000.0,87900000.0
Despicable Me 2,2013-06-20,Comedy,76000000.0,970800000.0
Devil's Due,2014-01-17,Horror,7000000.0,36900000.0
Diary of a Wimpy Kid: Dog Days,2012-08-03,Comedy,22000000.0,77100000.0
Divergent,2014-03-18,Sci-Fi,85000000.0,288900000.0
Django Unchained,2012-12-25,Action,100000000.0,425400000.0
Dolphin Tale 2,2014-09-12,Family,36000000.0,57800000.0
Don't Breathe,2016-08-26,Thriller,9900000.0,28300000.0
Dr. Seuss' The Lorax,2012-03-02,Family,70000000.0,348800000.0
Dracula Untold,2014-10-10,Drama,70000000.0,217100000.0
Draft Day,2014-04-07,Drama,25000000.0,29500000.0
Dragon Blade,2015-02-18,Action,65000000.0,120000000.0
Dumb and Dumber To,2014-11-14,Comedy,50000000.0,169800000.0
Earth to Echo,2014-06-14,Sci-Fi,13000000.0,45300000.0
Eddie the Eagle,2016-02-26,Drama,23000000.0,46200000.0
Edge of Tomorrow,2014-05-28,Action,178000000.0,370500000.0
Elysium,2013-08-09,Sci-Fi,115000000.0,286100000.0
Embrace of the Serpent,2015-05-15,Adventure,1400000.0,2800000.0
End of Watch,2012-09-21,Action,7000000.0,48100000.0
Enough Said,2013-09-20,Comedy,8000000.0,25300000.0
Entourage,2015-05-27,Comedy,39000000.0,49300000.0
Epic,2013-05-24,Adventure,93000000.0,268400000.0
Escape from Planet Earth,2013-02-15,Comedy,40000000.0,74600000.0
Evil Dead,2013-04-05,Horror,17000000.0,97500000.0
Ex Machina,2015-01-21,Sci-Fi,15000000.0,36900000.0
Eye in the Sky,2015-09-11,Thriller,13000000.0,32800000.0
Fantastic Four,2015-08-04,Action,120000000.0,168000000.0
Fast & Furious 6,2013-05-17,Action,160000000.0,788700000.0
Flight,2012-11-02,Drama,31000000.0,161800000.0
Florence Foster Jenkins,2016-04-27,Biography,19000000.0,31700000.0
Frances Ha,2013-05-17,Drama,3000000.0,11300000.0
Free State of Jones,2016-06-16,Drama,50000000.0,21200000.0
Friends with Kids,2012-03-09,Comedy,10000000.0,12200000.0
Fun Size,2012-10-26,Comedy,14000000.0,11400000.0
Fury,2014-10-15,Action,68000000.0,211800000.0
G.I. Joe: Retaliation,2013-03-27,Action,130000000.0,375700000.0
Gangster Squad,2013-01-11,Action,75000000.0,105200000.0
Get Hard,2015-03-27,Comedy,40000000.0,111800000.0
Get on Up,2014-08-01,Drama,30000000.0,33400000.0
Getaway,2013-08-30,Action,18000000.0,11800000.0
Ghost Rider: Spirit of Vengeance,2012-02-17,Action,57000000.0,132600000.0
Ghostbusters,2016-07-15,Comedy,144000000.0,217500000.0
God's Not Dead,2014-03-21,Religious,2000000.0,62600000.0
God's Not Dead 2,2016-04-01,Religious,5000000.0,23500000.0
Gods of Egypt,2016-02-25,Action,140000000.0,145700000.0
Godzilla,2014-05-08,Action,160000000.0,529000000.0
Gone Girl,2014-09-26,Mystery,61000000.0,369300000.0
Good Deeds,2012-02-24,Romance,14000000.0,35600000.0
Goosebumps,2015-10-05,Action,84000000.0,150200000.0
Grown Ups 2,2013-07-12,Comedy,80000000.0,247000000.0
"Hail, Caesar!",2016-02-05,Comedy,22000000.0,22000000.0
Hands of Stone,2016-08-26,Biography,20000000.0,1700000.0
Hansel and Gretel: Witch Hunters,2013-01-17,Action,50000000.0,226300000.0
Heaven Is for Real,2014-04-16,Religious,12000000.0,101300000.0
Here Comes the Boom,2012-10-12,Comedy,42000000.0,73100000.0
Hit and Run,2012-08-22,Action,2000000.0,14500000.0
Hitman: Agent 47,2015-08-21,Action,35000000.0,82300000.0
Home,2015-03-07,Animation,135000000.0,386000000.0
Hope Springs,2012-08-08,Romance,30000000.0,114300000.0
Horrible Bosses 2,2014-11-26,Comedy,57000000.0,107700000.0
Hot Pursuit,2015-05-08,Action,35000000.0,51700000.0
Hotel Transylvania,2012-09-28,Fantasy,85000000.0,358400000.0
Hotel Transylvania 2,2015-09-25,Fantasy,80000000.0,473000000.0
How to Train Your Dragon 2,2014-05-16,Family,145000000.0,621500000.0
I,2015-01-14,Romance,15000000.0,65000000.0
I Saw the Light,2015-09-11,Drama,13000000.0,2600000.0
Ice Age: Collision Course,2016-07-22,Adventure,105000000.0,368300000.0
Ice Age: Continental Drift,2012-07-13,Adventure,95000000.0,877000000.0
Identity Thief,2013-02-08,Action,35000000.0,174000000.0
If I Stay,2014-08-18,Drama,11000000.0,78900000.0
In the Heart of the Sea,2015-12-11,Biography,100000000.0,93900000.0
Independence Day: Resurgence,2016-06-20,Action,165000000.0,382300000.0
Insidious: Chapter 2,2013-09-13,Horror,5000000.0,161900000.0
Insidious: Chapter 3,2015-06-05,Horror,11000000.0,113000000.0
Interstellar,2014-10-26,Sci-Fi,165000000.0,675100000.0
Into the Storm,2014-08-08,Adventure,50000000.0,161700000.0
Iron Sky,2012-07-25,Comedy,7500000.0,8100000.0
Irrational Man,2015-05-16,Mystery,11000000.0,27400000.0
Jack Reacher,2012-12-21,Action,60000000.0,218300000.0
Jack Ryan: Shadow Recruit,2014-01-15,Action,60000000.0,135500000.0
Jane Got a Gun,2016-01-29,Action,25000000.0,3000000.0
Jason Bourne,2016-07-29,Action,120000000.0,347900000.0
"Jeff, Who Lives at Home",2012-03-16,Comedy,7500000.0,7500000.0
Jem and the Holograms,2015-10-23,Musical,5000000.0,2300000.0
Jersey Boys,2014-06-05,Drama,58600000.0,67700000.0
Jobs,2013-08-16,Biography,12000000.0,35900000.0
John Wick,2014-10-13,Action,20000000.0,86000000.0
Journey 2: The Mysterious Island,2012-02-10,Adventure,79000000.0,335300000.0
Joy,2015-12-25,Comedy,60000000.0,101100000.0
Keanu,2016-04-29,Comedy,15000000.0,20700000.0
Kill the Messenger,2014-10-10,Crime,5000000.0,2500000.0
Killing Them Softly,2012-11-30,Crime,15000000.0,37900000.0
Kingsman: The Secret Service,2014-12-13,Action,94000000.0,414400000.0
Krampus,2015-12-04,Horror,15000000.0,61500000.0
Kubo and the Two Strings,2016-08-19,Fantasy,60000000.0,27600000.0
Kung Fu Panda 3,2016-01-23,Action,145000000.0,519900000.0
Lazer Team,2016-01-27,Sci-Fi,2400000.0,1600000.0
Left Behind,2014-10-03,Religious,16000000.0,27600000.0
Les Misérables,2012-12-25,Musical,61000000.0,441800000.0
Let's Be Cops,2014-08-13,Action,17000000.0,138200000.0
Life of Pi,2012-11-21,Drama,120000000.0,609000000.0
Lights Out,2016-07-22,Horror,4900000.0,125900000.0
Lincoln,2012-11-09,Drama,65000000.0,275300000.0
Little Boy,2015-04-24,Drama,20000000.0,17500000.0
Lockout,2012-04-13,Action,20000000.0,32200000.0
London Has Fallen,2016-03-04,Action,60000000.0,195700000.0
Looper,2012-09-28,Action,30000000.0,176500000.0
Love the Coopers,2015-11-04,Romance,24000000.0,41100000.0
Lucy,2014-07-25,Sci-Fi,40000000.0,463400000.0
Mad Max: Fury Road,2015-05-07,Action,150000000.0,378400000.0
Madagascar 3: Europe's Most Wanted,2012-06-08,Comedy,145000000.0,746900000.0
Magic in the Moonlight,2014-07-25,Comedy,16800000.0,51000000.0
Mama,2013-01-18,Horror,15000000.0,146400000.0
Man of Steel,2013-06-14,Action,225000000.0,668000000.0
Man on a Ledge,2012-01-27,Action,42000000.0,46200000.0
Max,2015-06-26,Adventure,20000000.0,44000000.0
Maze Runner: The Scorch Trials,2015-09-18,Sci-Fi,61000000.0,312300000.0
Me and Earl and the Dying Girl,2015-01-25,Comedy,8000000.0,9100000.0
Me Before You,2016-06-03,Drama,20000000.0,196200000.0
Mechanic: Resurrection,2016-08-26,Action,40000000.0,7500000.0
Men in Black 3,2012-05-25,Comedy,215000000.0,624000000.0
Midnight Special,2016-02-12,Sci-Fi,18000000.0,6200000.0
Miracles from Heaven,2016-03-16,Drama,13000000.0,73600000.0
Mirror Mirror,2012-03-30,Fantasy,85000000.0,183000000.0
Mission: Impossible – Rogue Nation,2015-07-23,Action,150000000.0,682300000.0
Moms' Night Out,2014-05-09,Religious,5000000.0,10500000.0
Money Monster,2016-05-13,Drama,27000000.0,93100000.0
Monster Hunt,2016-01-22,Action,56000000.0,385200000.0
Moonrise Kingdom ₪,2012-05-25,Comedy,16000000.0,68300000.0
Mortdecai,2015-01-23,Action,60000000.0,47000000.0
Mother's Day,2016-04-13,Comedy,25000000.0,43800000.0
Movie Title,,Genre,,
Mr. Peabody & Sherman,2014-02-07,Family,145000000.0,275700000.0
Mud,2013-04-26,Drama,10000000.0,32600000.0
Mustang,2015-05-19,Drama,1300000.0,4900000.0
My All American,2015-11-13,Biography,20000000.0,2200000.0
My Big Fat Greek Wedding 2,2016-03-25,Romance,18000000.0,88900000.0
Need for Speed,2014-03-12,Action,65000000.0,203300000.0
Neighbors,2014-03-08,Comedy,18000000.0,270700000.0
Neighbors 2: Sorority Rising,2016-05-20,Comedy,35000000.0,107900000.0
Nerve,2016-07-27,Thriller,20000000.0,47600000.0
Night at the Museum: Secret of the Tomb,2014-12-11,Comedy,127000000.0,363200000.0
Nightcrawler,2014-09-05,Drama,8500000.0,50300000.0
Nine Lives,2016-08-05,Comedy,30000000.0,19100000.0
No Escape,2015-08-17,Action,5000000.0,54400000.0
No Good Deed,2014-09-12,Crime,13200000.0,54300000.0
No One Lives,2013-05-10,Horror,2900000.0,1000000.0
Noah,2014-03-10,Adventure,125000000.0,362600000.0
Non-Stop,2014-01-27,Thriller,50000000.0,222800000.0
Now You See Me,2013-05-31,Crime,75000000.0,351700000.0
Now You See Me 2,2016-06-06,Thriller,90000000.0,320900000.0
Oblivion,2013-04-10,Action,120000000.0,286200000.0
Olympus Has Fallen,2013-03-22,Action,70000000.0,161000000.0
One Direction: This Is Us,2013-08-29,Documentary,10000000.0,68500000.0
One for the Money,2012-01-27,Crime,40000000.0,36900000.0
Ouija,2014-10-24,Horror,5000000.0,103600000.0
Our Brand Is Crisis,2015-09-11,Comedy,28000000.0,8600000.0
Pacific Rim,2013-07-12,Action,190000000.0,411000000.0
Pain & Gain,2013-04-26,Action,26000000.0,86200000.0
Pan,2015-09-30,Fantasy,150000000.0,128400000.0
Paper Towns,2015-07-24,Romance,12000000.0,85500000.0
Paranormal Activity 4,2012-10-19,Thriller,5000000.0,142800000.0
Paranormal Activity: The Ghost Dimension,2015-10-23,Horror,10000000.0,78100000.0
ParaNorman,2012-08-17,Fantasy,60000000.0,107100000.0
Parental Guidance,2012-12-25,Comedy,25000000.0,119800000.0
Parker,2013-01-25,Crime,35000000.0,48500000.0
Paul Blart: Mall Cop 2,2015-04-17,Action,40000000.0,107600000.0
Pawn Sacrifice,2015-09-11,Biography,19000000.0,5400000.0
Penguins of Madagascar,2014-11-14,Family,132000000.0,373000000.0
People Like Us,2012-06-29,Drama,16000000.0,12400000.0
Percy Jackson: Sea of Monsters,2013-08-07,Adventure,90000000.0,202200000.0
Pitch Perfect,2012-10-05,Comedy,17000000.0,115400000.0
Pitch Perfect 2,2015-04-20,Comedy,29000000.0,287100000.0
Pixels,2015-07-24,Comedy,129000000.0,244900000.0
Point Break,2015-12-25,Action,105000000.0,133700000.0
Polis Evo,2015-09-17,Action,2400000.0,17300000.0
Poltergeist,2015-05-22,Horror,35000000.0,95400000.0
Pompeii,2014-02-18,Action,80000000.0,117800000.0
Popstar: Never Stop Never Stopping,2016-06-03,Comedy,20000000.0,9500000.0
Premium Rush,2012-08-24,Action,35000000.0,31100000.0
Pride and Prejudice and Zombies,2016-02-05,Comedy,28000000.0,16400000.0
Prisoners,2013-09-20,Crime,46000000.0,122100000.0
Project Almanac,2015-01-30,Sci-Fi,12000000.0,33200000.0
Project X,2012-03-02,Comedy,12000000.0,102700000.0
Prometheus,2012-06-08,Sci-Fi,130000000.0,403400000.0
Promised Land,2012-12-28,Drama,15000000.0,8100000.0
R.I.P.D.,2013-07-19,Action,130000000.0,78300000.0
Race,2016-02-19,Drama,5000000.0,23500000.0
Raiders of the Lost Ark: The IMAX Experience,2012-09-07,Action,18000000.0,389900000.0
Rams,2015-05-15,Drama,1750000.0,1740000.0
Ratchet & Clank,2016-04-29,Sci-Fi,20000000.0,12800000.0
RED 2,2013-07-19,Action,84000000.0,148100000.0
Red Dawn,2012-11-21,Action,65000000.0,48100000.0
Red Tails,2012-01-20,Drama,58000000.0,50400000.0
Resident Evil: Retribution,2012-09-14,Action,65000000.0,240200000.0
Ricki and the Flash,2015-08-07,Comedy,18000000.0,41300000.0
Riddick,2013-09-06,Action,40000000.0,100300000.0
Ride Along,2014-01-17,Action,25000000.0,154500000.0
Ride Along 2,2016-01-15,Comedy,40000000.0,124200000.0
Rio 2,2014-03-20,Family,103000000.0,500100000.0
Rise of the Guardians,2012-11-21,Adventure,145000000.0,306900000.0
Risen,2016-02-19,Drama,20000000.0,46100000.0
RoboCop,2014-01-30,Action,100000000.0,242700000.0
Robot & Frank,2012-08-17,Comedy,2500000.0,4900000.0
Rock of Ages,2012-06-15,Musical,75000000.0,59400000.0
Rock the Kasbah,2015-10-22,Comedy,15000000.0,3400000.0
Romeo and Juliet,2013-07-26,Drama,15000000.0,3000000.0
Room,2015-09-04,Drama,13000000.0,36000000.0
Run All Night,2015-03-13,Action,61600000.0,71700000.0
"Runner, Runner",2013-09-27,Crime,30000000.0,30000000.0
Rush,2013-09-20,Action,38000000.0,90200000.0
Sabotage,2014-03-19,Action,35000000.0,17500000.0
Safe House,2012-02-10,Action,85000000.0,208100000.0
Salmon Fishing in the Yemen,2012-03-09,Drama,14400000.0,34600000.0
Savages,2012-07-06,Crime,45000000.0,83000000.0
Scary Movie 5,2013-04-12,Comedy,20000000.0,78400000.0
Secret in Their Eyes,2015-11-20,Crime,19500000.0,32200000.0
Self/less,2015-07-10,Drama,26000000.0,30500000.0
Selma,2014-12-25,Drama,20000000.0,66800000.0
Seventh Son,2014-12-17,Fantasy,95000000.0,114200000.0
Shaun the Sheep Movie,2015-01-24,Adventure,25000000.0,106000000.0
Sicario,2015-05-19,Crime,30000000.0,84900000.0
Side Effects,2013-02-08,Crime,30000000.0,66700000.0
Silent Hill: Revelation 3D,2012-10-26,Horror,20000000.0,52300000.0
Silver Linings Playbook,2012-11-16,Drama,21000000.0,236400000.0
Sin City: A Dame to Kill For,2014-08-19,Crime,65000000.0,39400000.0
Sinister,2012-10-12,Horror,3000000.0,77700000.0
Sinister 2,2015-08-21,Horror,10000000.0,52900000.0
Sisters,2015-12-18,Comedy,30000000.0,105000000.0
Snitch,2013-02-22,Action,15000000.0,57800000.0
Snow White and the Huntsman,2012-06-01,Action,170000000.0,396600000.0
Son of God,2014-02-28,Drama,22000000.0,67800000.0
Son of Saul,2015-05-15,Drama,1500000.0,6200000.0
Southpaw,2015-06-15,Drama,30000000.0,92000000.0
Spotlight,2015-09-03,Drama,20000000.0,88300000.0
Spy,2015-05-15,Action,65000000.0,235700000.0
St. Vincent,2014-09-05,Comedy,13000000.0,54800000.0
Stand by Me Doraemon,2014-08-08,Animation,35000000.0,196400000.0
Star Trek Beyond,2016-07-22,Action,185000000.0,243000000.0
Step Up: All In,2014-08-08,Drama,45000000.0,86200000.0
Steve Jobs,2015-09-05,Biography,30000000.0,34400000.0
Straight Outta Compton,2015-08-11,Biography,50000000.0,201600000.0
Suffragette,2015-09-04,Drama,14000000.0,32000000.0
Suicide Squad,2016-08-05,Action,175000000.0,636700000.0
Taken 2,2012-10-05,Action,43000000.0,376100000.0
Tammy,2014-07-02,Comedy,20000000.0,100500000.0
Ted,2012-06-29,Comedy,51000000.0,549400000.0
Ted 2,2015-06-24,Comedy,68000000.0,216700000.0
Teenage Mutant Ninja Turtles,2014-07-29,Action,125000000.0,493300000.0
Teenage Mutant Ninja Turtles: Out of the Shadows,2016-05-22,Action,135000000.0,242500000.0
Terminator Genisys,2015-06-22,Sci-Fi,155000000.0,440600000.0
Texas Chainsaw 3D,2013-01-04,Horror,20000000.0,47200000.0
That Awkward Moment,2014-01-27,Comedy,8000000.0,40500000.0
The 33,2015-08-06,Drama,26000000.0,24900000.0
The 5th Wave,2016-01-22,Sci-Fi,35000000.0,110700000.0
The Age of Adaline,2015-04-24,Romance,25000000.0,65700000.0
The Amazing Spider-Man,2012-07-03,Action,230000000.0,757900000.0
The Angry Birds Movie,2016-05-05,Comedy,73000000.0,346900000.0
The Best Exotic Marigold Hotel ₪,2012-05-04,Comedy,10000000.0,136800000.0
The Big Short,2015-12-11,Biography,28000000.0,133300000.0
The Bling Ring,2013-06-14,Comedy,8000000.0,19100000.0
The Book of Life,2014-10-12,Family,50000000.0,99800000.0
The Boss,2016-04-08,Comedy,29000000.0,78600000.0
The Bourne Legacy,2012-08-10,Action,125000000.0,276100000.0
The Boxtrolls,2014-08-31,Family,60000000.0,109300000.0
The Boy,2016-01-22,Horror,10000000.0,64200000.0
The Butler,2013-08-16,Drama,30000000.0,176600000.0
The Cabin in the Woods,2012-04-13,Horror,30000000.0,66500000.0
The Call,2013-03-15,Mystery,13000000.0,68600000.0
The Campaign,2012-08-10,Comedy,95000000.0,104900000.0
The Cold Light of Day,2012-09-07,Action,20000000.0,16900000.0
The Collection,2012-11-30,Horror,10000000.0,8900000.0
The Conjuring,2013-07-19,Thriller,20000000.0,318000000.0
The Conjuring 2,2016-06-07,Horror,40000000.0,319500000.0
The Croods,2013-03-22,Adventure,135000000.0,587200000.0
The Danish Girl,2015-09-05,Drama,15000000.0,64200000.0
The Darkness,2016-05-13,Horror,4000000.0,10900000.0
The Devil Inside,2012-01-06,Horror,1000000.0,101800000.0
The Dictator,2012-05-16,Comedy,65000000.0,179400000.0
The Divergent Series: Allegiant,2016-03-18,Adventure,110000000.0,179200000.0
The Divergent Series: Insurgent,2015-03-19,Sci-Fi,110000000.0,297300000.0
The Drop,2014-09-12,Drama,12600000.0,18700000.0
The Duff,2015-02-12,Comedy,8500000.0,43500000.0
The East,2013-05-31,Crime,6500000.0,2400000.0
The Equalizer,2014-09-07,Thriller,55000000.0,192300000.0
The Expendables 2,2012-08-17,Action,100000000.0,305400000.0
The Expendables 3,2014-08-04,Action,90000000.0,206200000.0
The Family,2013-09-13,Crime,30000000.0,78400000.0
The Fault in Our Stars,2014-05-16,Drama,13000000.0,307200000.0
The Five-Year Engagement,2012-04-27,Comedy,30000000.0,53900000.0
The Forest,2016-01-08,Horror,10000000.0,37600000.0
The Gift,2015-07-30,Thriller,5000000.0,59000000.0
The Giver,2014-08-11,Sci-Fi,25000000.0,67000000.0
The Grand Budapest Hotel,2014-02-06,Comedy,23000000.0,174800000.0
The Great Gatsby,2013-05-10,Drama,105000000.0,351000000.0
The Grey,2012-01-27,Action,25000000.0,77300000.0
The Gunman,2015-03-20,Thriller,40000000.0,24200000.0
The Hangover Part III,2013-05-23,Comedy,103000000.0,362000000.0
The Hateful Eight,2015-12-25,Drama,44000000.0,155800000.0
The Heat,2013-06-28,Action,43000000.0,229900000.0
The Hobbit: The Battle of the Five Armies,2014-12-01,Adventure,250000000.0,956000000.0
The Host,2013-03-29,Sci-Fi,40000000.0,63300000.0
The Hundred-Foot Journey,2014-08-08,Drama,22000000.0,88900000.0
The Hunger Games,2012-03-23,Action,78000000.0,694400000.0
The Hunger Games: Mockingjay – Part 1,2014-11-10,Sci-Fi,125000000.0,755400000.0
The Hunger Games: Mockingjay – Part 2,2015-11-04,Sci-Fi,160000000.0,653400000.0
The Huntsman: Winter's War,2016-04-22,Fantasy,115000000.0,164600000.0
The Iceman,2013-05-03,Drama,10000000.0,4400000.0
The Identical,2014-04-17,Religious,16000000.0,2800000.0
The Imitation Game,2014-08-29,Drama,14000000.0,233600000.0
The Impossible,2012-12-21,Drama,45000000.0,180300000.0
The Incredible Burt Wonderstone,2013-03-15,Comedy,34000000.0,27400000.0
The Infiltrator,2016-07-13,Drama,47500000.0,15200000.0
The Intern,2015-09-15,Comedy,44000000.0,194600000.0
The Internship,2013-06-07,Comedy,58000000.0,93000000.0
The Interview,2014-12-11,Action,44000000.0,11300000.0
The Judge,2014-09-04,Comedy,50000000.0,84400000.0
The Lady in the Van,2015-12-04,Comedy,6000000.0,41400000.0
The Last Exorcism Part II,2013-03-01,Horror,5000000.0,15100000.0
The Last Stand,2013-01-18,Action,45000000.0,48300000.0
The Last Witch Hunter,2015-10-23,Action,90000000.0,140400000.0
The Lazarus Effect,2015-02-27,Horror,3300000.0,38400000.0
The Legend of Hercules,2014-01-10,Action,70000000.0,61300000.0
The Legend of Tarzan,2016-07-01,Action,180000000.0,352700000.0
The Lego Movie,2014-02-01,Family,60000000.0,469200000.0
The Letters,2015-12-04,Drama,1000000.0,1600000.0
The Lucky One,2012-04-20,Drama,25000000.0,99400000.0
The Man from U.N.C.L.E.,2015-08-07,Action,75000000.0,109800000.0
The Man with the Iron Fists,2012-11-02,Action,20000000.0,20300000.0
The Martian,2015-09-11,Sci-Fi,108000000.0,630200000.0
The Master,2012-09-14,Drama,32000000.0,28300000.0
The Maze Runner,2014-09-19,Sci-Fi,34000000.0,348300000.0
The Mermaid,2016-02-08,Sci-Fi,60720000.0,553800000.0
The Monuments Men,2014-02-07,Drama,70000000.0,155000000.0
The Mortal Instruments: City of Bones,2013-08-21,Action,60000000.0,90600000.0
The Night Before,2015-11-20,Comedy,25000000.0,52400000.0
The November Man,2014-08-27,Thriller,15000000.0,34800000.0
The Nut Job,2014-01-11,Family,42800000.0,120900000.0
The Oogieloves in the Big Balloon Adventure,2012-08-29,Family,20000000.0,1100000.0
The Other Woman,2014-03-31,Comedy,40000000.0,196700000.0
The Peanuts Movie,2015-11-01,Animation,99000000.0,246200000.0
The Perfect Guy,2015-09-02,Thriller,18000000.0,60300000.0
The Perfect Match,2016-03-11,Romance,5000000.0,10400000.0
The Perks of Being a Wallflower,2012-09-21,Drama,13000000.0,33400000.0
The Pirates! Band of Misfits,2012-04-27,Comedy,55000000.0,123000000.0
The Place Beyond the Pines,2013-03-29,Crime,15000000.0,47000000.0
The Possession,2012-08-31,Horror,14000000.0,78500000.0
The Purge,2013-05-31,Sci-Fi,3000000.0,89300000.0
The Purge: Election Year,2016-07-01,Horror,10000000.0,105600000.0
The Raid 2,2014-01-21,Action,4500000.0,6600000.0
The Raid: Redemption ₪,2012-03-23,Action,1100000.0,9140000.0
The Raven,2012-04-27,Thriller,26000000.0,29700000.0
The Revenant,2015-12-25,Thriller,135000000.0,533000000.0
The Second Best Exotic Marigold Hotel,2015-02-26,Comedy,10000000.0,86000000.0
The Second Mother,2015-01-25,Drama,4000000.0,6200000.0
The Secret Life of Pets,2016-07-08,Adventure,75000000.0,724900000.0
The Secret World of Arrietty,2012-02-17,Adventure,23000000.0,145600000.0
The Shallows,2016-06-21,Horror,17000000.0,93200000.0
The Signal,2014-01-20,Sci-Fi,4000000.0,2420000.0
The Single Moms Club,2014-03-14,Comedy,8000000.0,16300000.0
The Smurfs 2,2013-07-31,Adventure,105000000.0,347500000.0
The Spectacular Now,2013-08-02,Drama,2500000.0,6900000.0
The SpongeBob Movie: Sponge Out of Water,2015-02-06,Adventure,74000000.0,323400000.0
The Sweet Escape,2015-06-10,Comedy,3800000.0,3300000.0
The Theory of Everything,2014-09-07,Biography,15000000.0,123700000.0
The Three Stooges,2012-04-13,Comedy,30000000.0,54800000.0
The Transporter Refueled,2015-09-04,Action,25000000.0,72600000.0
The Twilight Saga: Breaking Dawn – Part 2,2012-11-16,Fantasy,120000000.0,829700000.0
The Vatican Tapes,2015-07-25,Horror,13000000.0,13500000.0
The Visit,2015-09-08,Horror,5000000.0,98500000.0
The Walk,2015-09-30,Biography,45000000.0,61200000.0
The Watch,2012-07-27,Comedy,68000000.0,68300000.0
The Water Diviner,2014-12-26,Drama,22500000.0,30800000.0
"The Way, Way Back",2013-07-05,Comedy,5000000.0,5000000.0
The Wedding Ringer,2015-01-16,Romance,23000000.0,79800000.0
The Witch,2016-01-27,Horror,3000000.0,40400000.0
The Wolverine,2013-07-24,Action,120000000.0,414800000.0
The Woman in Black,2012-02-03,Horror,15000000.0,128500000.0
The Woman in Black: Angel of Death,2014-12-30,Horror,15000000.0,48900000.0
The World's End,2013-07-19,Comedy,20000000.0,46100000.0
The Young Messiah,2016-03-11,Drama,18500000.0,7200000.0
Think Like a Man,2012-04-20,Comedy,12000000.0,96100000.0
This Is the End,2013-06-12,Comedy,32000000.0,126000000.0
This Is Where I Leave You,2014-09-19,Comedy,19800000.0,41300000.0
This Means War,2012-02-17,Action,65000000.0,156500000.0
Top Five,2014-09-06,Comedy,12000000.0,26100000.0
Top Gun 3D,2013-02-08,Action,15000000.0,356800000.0
Total Recall,2012-08-03,Action,125000000.0,198500000.0
Trance,2013-03-27,Crime,20000000.0,24300000.0
Transcendence,2014-04-10,Sci-Fi,100000000.0,103000000.0
Triple 9,2016-02-16,Crime,20000000.0,23400000.0
Trouble with the Curve,2012-09-21,Drama,60000000.0,49000000.0
Trumbo,2015-09-12,Drama,15000000.0,8200000.0
Truth,2015-09-12,Drama,9600000.0,5400000.0
Turbo,2013-07-17,Comedy,127000000.0,282600000.0
Tusk,2014-09-06,Horror,3000000.0,1900000.0
Unbroken,2014-11-17,Drama,65000000.0,163400000.0
Unfinished Business,2015-03-06,Comedy,35000000.0,14400000.0
Unfriended,2014-07-20,Horror,1000000.0,64100000.0
Vacation,2015-07-29,Adventure,31000000.0,104900000.0
Vampire Academy,2014-02-07,Action,30000000.0,15400000.0
Veronica Mars,2014-03-14,Mystery,6000000.0,3500000.0
Victor Frankenstein,2015-11-25,Horror,40000000.0,34200000.0
Wanderlust,2012-02-24,Comedy,35000000.0,24200000.0
War Dogs,2016-08-19,Crime,40000000.0,42700000.0
War Room,2015-08-28,Drama,3000000.0,73700000.0
Warcraft,2016-06-10,Action,160000000.0,433500000.0
Warm Bodies,2013-02-01,Comedy,35000000.0,117000000.0
What Maisie Knew,2013-05-03,Drama,5000000.0,2700000.0
What to Expect When You're Expecting,2012-05-18,Comedy,40000000.0,84400000.0
When the Game Stands Tall,2014-08-04,Religious,15000000.0,30100000.0
Whiplash,2014-01-16,Drama,3300000.0,49000000.0
Whiskey Tango Foxtrot,2016-03-04,Drama,35000000.0,24900000.0
White House Down,2013-06-28,Action,150000000.0,205000000.0
Wild,2014-08-29,Drama,15000000.0,52500000.0
Winter's Tale,2014-02-13,Drama,60000000.0,31100000.0
Wish I Was Here,2014-01-18,Drama,6000000.0,5500000.0
Woman in Gold,2015-04-01,Drama,11000000.0,61600000.0
Won't Back Down,2012-09-28,Drama,19000000.0,5400000.0
Woodlawn,2015-10-16,Drama,13000000.0,14400000.0
World War Z,2013-06-21,Action,190000000.0,540000000.0
Wrath of the Titans,2012-03-30,Action,150000000.0,305300000.0
X-Men: Apocalypse,2016-05-09,Action,178000000.0,544600000.0
X-Men: Days of Future Past,2014-05-10,Action,200000000.0,747900000.0
You're Next,2013-08-23,Horror,1000000.0,26800000.0
Zero Dark Thirty,2012-12-19,Drama,40000000.0,132800000.0
Zhong Kui: Snow Girl and the Dark Crystal,2015-02-19,Romance,30000000.0,64470000.0
Zoolander 2,2016-02-12,Comedy,50000000.0,56000000.0
